Path,Physical,Source,Comment,Single-line comment,Block comment,Mixed,Empty,To Do
src/debug.ts,2,2,0,0,0,0,0,0
src/index.html,16,13,0,0,0,0,3,0
src/main.ts,11,8,0,0,0,0,3,0
src/polyfills.ts,68,5,51,18,33,1,13,0
src/styles.styl,1,0,1,0,1,0,0,0
src/test.ts,32,21,7,7,0,0,4,0
src/typings.d.ts,5,4,1,0,1,0,0,0
src/environments/environment.prod.ts,3,3,0,0,0,0,0,0
src/environments/environment.ts,8,3,4,4,0,0,1,0
src/app/app.component.html,11,11,0,0,0,0,0,0
src/app/app.component.spec.ts,57,47,0,0,0,0,10,0
src/app/app.component.styl,1,0,0,0,0,0,1,0
src/app/app.component.ts,44,37,0,0,0,0,7,0
src/app/app.module.ts,42,32,6,6,0,2,6,0
src/app/app.routing.ts,25,19,3,3,0,0,3,0
src/app/app.tokens.ts,3,2,0,0,0,0,1,0
src/app/modules/admin/admin.module.ts,19,15,0,0,0,0,4,0
src/app/modules/admin/admin.routing.ts,13,10,1,1,0,0,2,0
src/app/modules/shared/dateFormat.pipe.ts,19,16,0,0,0,0,3,0
src/app/modules/shared/navigation.service.ts,24,16,2,2,0,1,7,0
src/app/modules/shared/shared.module.ts,70,55,12,12,0,0,3,0
src/app/modules/auth/auth.module.ts,20,16,0,0,0,0,4,0
src/app/modules/auth/auth.routing.ts,17,14,1,1,0,0,2,0
src/app/modules/blog/blog.module.ts,21,17,0,0,0,0,4,0
src/app/modules/blog/blog.routing.ts,31,25,5,5,0,2,3,0
src/app/modules/blog/blog.service.mock.ts,44,34,0,0,0,0,10,0
src/app/modules/blog/blog.service.spec.ts,16,13,0,0,0,0,3,0
src/app/modules/blog/blog.service.ts,67,51,5,5,0,3,14,1
src/app/modules/blog/blog.store.ts,65,58,2,2,0,2,7,0
src/app/modules/blog/initialEntries.ts,34,33,0,0,0,0,1,0
src/app/modules/blog/model-interfaces.ts,17,13,5,2,3,2,1,0
src/assets/css/bootstrap/flatly/bootstrap.min.css,11,2,11,0,11,2,0,0
src/app/modules/admin/admin-page/admin-page.component.html,1,1,0,0,0,0,0,0
src/app/modules/admin/admin-page/admin-page.component.spec.ts,30,25,0,0,0,0,5,0
src/app/modules/admin/admin-page/admin-page.component.ts,18,15,0,0,0,0,3,0
src/assets/css/bootstrap/fonts/glyphicons-halflings-regular.svg,288,288,0,0,0,0,0,0
src/app/modules/shared/navbar/navbar.component.html,10,10,0,0,0,0,0,0
src/app/modules/shared/navbar/navbar.component.spec.ts,25,20,0,0,0,0,5,0
src/app/modules/shared/navbar/navbar.component.styl,1,0,0,0,0,0,1,0
src/app/modules/shared/navbar/navbar.component.ts,8,7,0,0,0,0,1,0
src/app/modules/shared/show-error/show-error.component.html,5,5,0,0,0,0,0,0
src/app/modules/shared/show-error/show-error.component.spec.ts,26,21,1,1,0,1,5,0
src/app/modules/shared/show-error/show-error.component.styl,1,0,0,0,0,0,1,0
src/app/modules/shared/show-error/show-error.component.ts,43,39,0,0,0,0,4,0
src/app/modules/auth/auth-component/auth.component.spec.ts,29,24,0,0,0,0,5,0
src/app/modules/auth/auth-component/auth.component.ts,9,7,0,0,0,0,2,0
src/app/modules/auth/user/initialUsers.ts,16,15,0,0,0,0,1,0
src/app/modules/auth/user/model-interfaces.ts,6,6,0,0,0,0,0,0
src/app/modules/auth/user/user.service.mock.ts,36,27,1,1,0,0,8,0
src/app/modules/auth/user/user.service.spec.ts,16,13,0,0,0,0,3,0
src/app/modules/auth/user/user.service.ts,59,44,5,5,0,3,13,1
src/app/modules/auth/user/user.store.ts,65,58,2,2,0,2,7,0
src/app/modules/auth/login/login.guard.ts,32,27,0,0,0,0,5,0
src/app/modules/auth/login/login.service.mock.ts,60,47,2,2,0,1,12,1
src/app/modules/auth/login/login.service.spec.ts,21,17,0,0,0,0,4,0
src/app/modules/auth/login/login.service.ts,62,48,2,2,0,1,13,1
src/app/modules/blog/blog-item/blog-item.component.html,23,23,0,0,0,0,0,0
src/app/modules/blog/blog-item/blog-item.component.spec.ts,37,31,0,0,0,0,6,0
src/app/modules/blog/blog-item/blog-item.component.styl,1,0,0,0,0,0,1,0
src/app/modules/blog/blog-item/blog-item.component.ts,60,44,10,10,0,3,9,0
src/app/modules/blog/blog-list/blog-list.component.html,12,9,3,0,3,0,0,0
src/app/modules/blog/blog-list/blog-list.component.spec.ts,41,34,0,0,0,0,7,0
src/app/modules/blog/blog-list/blog-list.component.ts,23,17,0,0,0,0,6,0
src/app/modules/blog/blog-page/blog-page.component.html,17,16,1,0,1,0,0,0
src/app/modules/blog/blog-page/blog-page.component.spec.ts,58,50,0,0,0,0,8,0
src/app/modules/blog/blog-page/blog-page.component.styl,1,0,0,0,0,0,1,0
src/app/modules/blog/blog-page/blog-page.component.ts,47,40,1,1,0,0,6,0
src/app/modules/blog/edit-blog-entry-form/edit-blog-entry-form.component.html,46,42,4,0,4,0,0,2
src/app/modules/blog/edit-blog-entry-form/edit-blog-entry-form.component.spec.ts,88,69,6,6,0,1,14,0
src/app/modules/blog/edit-blog-entry-form/edit-blog-entry-form.component.styl,7,6,0,0,0,0,1,0
src/app/modules/blog/edit-blog-entry-form/edit-blog-entry-form.component.ts,105,87,6,6,0,4,16,1
src/assets/css/bootstrap/fonts/Lato/demo.html,280,280,0,0,0,0,0,0
src/assets/css/bootstrap/fonts/Lato/stylesheet.css,61,56,1,0,1,0,4,0
src/app/modules/auth/login/login-page/login-page.component.html,9,9,0,0,0,0,0,0
src/app/modules/auth/login/login-page/login-page.component.spec.ts,42,36,0,0,0,0,6,0
src/app/modules/auth/login/login-page/login-page.component.ts,43,36,1,1,0,0,6,0
src/app/modules/auth/login/login-form/login-form.component.html,28,28,0,0,0,0,0,0
src/app/modules/auth/login/login-form/login-form.component.spec.ts,43,36,0,0,0,0,7,0
src/app/modules/auth/login/login-form/login-form.component.styl,1,0,0,0,0,0,1,0
src/app/modules/auth/login/login-form/login-form.component.ts,49,41,1,1,0,1,8,0
